City_ID,City,Cloudiness,Country,Date,Humidity,Lat,Lng,Max Temp,Wind Speed
0,rikitea,100,PF,1571785439,85,-23.12,-134.97,68.32400000000001,9.25
1,namibe,78,AO,1571785513,82,-15.19,12.15,69.76400000000004,3.06
2,isangel,75,VU,1571785623,69,-19.55,169.27,79.06999999999996,5.1
3,shahe,33,CN,1571785623,49,36.85,114.5,61.28599999999997,1.06
4,albany,90,US,1571785130,71,42.65,-73.75,59.26999999999996,3.6
5,busselton,6,AU,1571785328,75,-33.64,115.35,60.27799999999996,6.05
6,camacha,40,PT,1571785624,68,33.08,-16.33,66.46999999999997,5.7
7,dikson,100,RU,1571785464,92,73.51,80.55,18.57200000000004,10.21
8,tuktoyaktuk,90,CA,1571785430,92,69.44,-133.03,21.469999999999956,3.1
9,saskylakh,0,RU,1571785559,91,71.97,114.09,5.251999999999974,2.47
10,constitucion,75,MX,1571785486,24,23.99,-104.67,82.66999999999996,2.1
11,moree,73,AU,1571785624,49,-29.46,149.84,71.86999999999996,8.2
12,hofn,100,IS,1571785624,70,64.25,-15.21,37.18399999999999,17.97
13,butaritari,17,KI,1571785465,73,3.07,172.79,84.23599999999996,5.33
14,arraial do cabo,75,BR,1571785439,78,-22.97,-42.02,73.66999999999996,2.6
15,lusambo,51,CD,1571785625,99,-4.97,23.44,66.38000000000005,0.32
16,spirit river,90,CA,1571785625,86,55.78,-118.84,37.66999999999996,8.7
17,marienburg,76,DE,1571785628,87,52.12,9.98,50.26999999999996,0.5
18,sao filipe,11,CV,1571785598,80,14.9,-24.5,75.29000000000002,9.62
19,vaini,93,IN,1571785438,98,15.34,74.49,67.26199999999996,0.51
20,nangong,38,CN,1571785628,67,37.36,115.37,61.609999999999985,1.99
21,goundam,51,ML,1571785628,26,16.42,-3.66,93.91999999999996,1.15
22,ushuaia,40,AR,1571785261,37,-54.81,-68.31,55.66999999999996,7.7
23,jackson,90,US,1571785362,86,43.48,-110.76,46.66999999999996,3.04
24,jonkoping,75,SE,1571785571,87,57.78,14.16,48.469999999999956,6.7
25,carnarvon,83,ZA,1571785477,19,-30.97,22.13,55.11199999999995,8.29
26,acobamba,56,PE,1571785629,86,-11.35,-75.66,44.653999999999954,1.18
27,port alfred,100,ZA,1571785458,80,-33.59,26.89,56.26400000000004,1.34
28,fare,3,PF,1571785629,69,-16.7,-151.02,80.79800000000003,1.62
29,yellowknife,90,CA,1571785215,93,62.45,-114.38,35.86999999999996,1.0
30,barrow,100,AR,1571785457,92,-38.31,-60.23,48.30800000000001,5.85
31,boguchany,100,RU,1571785629,91,58.38,97.46,22.92799999999996,2.18
32,luderitz,0,NA,1571785432,82,-26.65,15.16,57.469999999999956,4.1
33,inuvik,90,CA,1571785630,100,68.36,-133.71,21.469999999999956,1.0
34,pevek,100,RU,1571785439,92,69.7,170.27,17.41999999999996,5.09
35,punta arenas,75,CL,1571785423,50,-53.16,-70.91,52.069999999999965,14.4
36,champerico,90,MX,1571785630,83,16.38,-93.6,75.46999999999997,5.1
37,cape town,40,ZA,1571785274,67,-33.93,18.42,60.27799999999996,3.1
38,nishihara,20,JP,1571785431,87,35.74,139.53,70.26799999999999,3.6
39,atuona,9,PF,1571785426,71,-9.8,-139.03,79.7,5.84
40,kaeo,23,NZ,1571785630,83,-35.1,173.78,60.27799999999996,11.93
41,new norfolk,67,AU,1571785425,23,-42.78,147.06,69.27799999999996,3.1
42,puerto cabezas,40,NI,1571785631,89,14.04,-83.39,84.46999999999997,2.1
43,hilo,90,US,1571785434,54,19.71,-155.08,84.46999999999997,5.1
44,dhidhdhoo,100,MV,1571785631,76,6.88,73.1,82.184,2.41
45,noumea,81,NC,1571785594,65,-22.28,166.46,77.26999999999995,8.2
46,umba,100,RU,1571785631,91,66.69,34.34,40.67599999999999,11.03
47,kapaa,40,US,1571785426,74,22.08,-159.32,84.46999999999997,5.7
48,nikolskoye,75,RU,1571785472,71,59.7,30.79,52.069999999999965,6.0
49,victoria,75,BN,1571785531,94,5.28,115.24,77.26999999999995,0.5
50,joshimath,0,IN,1571785631,23,30.57,79.57,40.1,3.12
51,longyearbyen,75,NO,1571785499,66,78.22,15.63,14.269999999999957,3.6
52,lagoa,20,PT,1571785523,76,37.14,-8.45,58.26199999999996,3.6
53,katsuura,40,JP,1571785632,87,33.93,134.5,59.26999999999996,2.6
54,torbay,90,CA,1571785510,93,47.66,-52.73,44.27599999999999,6.2
55,airai,53,TL,1571785448,19,-8.93,125.41,79.34000000000003,3.36
56,blagoyevo,100,RU,1571785632,96,63.37,47.92,35.99600000000005,6.97
57,madang,67,CN,1571785632,64,35.32,102.79,42.02599999999999,2.43
58,sao goncalo dos campos,0,BR,1571785633,83,-12.43,-38.97,73.92200000000004,3.57
59,saint-pierre,88,FR,1571785448,100,48.95,4.24,52.26799999999999,3.6
60,belmonte,70,PT,1571785633,89,40.36,-7.35,55.274000000000015,0.87
61,smithers,75,CA,1571785610,46,54.78,-127.17,50.26999999999996,6.2
62,mataura,90,NZ,1571785439,66,-46.19,168.86,49.26199999999996,6.71
63,bafra,75,TR,1571785633,77,41.57,35.91,64.66999999999996,5.1
64,bambanglipuro,85,ID,1571785633,78,-7.95,110.28,77.66600000000001,1.28
65,sechelt,75,CA,1571785633,67,49.47,-123.76,57.469999999999956,5.1
66,chumikan,84,RU,1571785467,63,54.72,135.31,37.52599999999999,4.41
67,hermanus,64,ZA,1571785431,85,-34.42,19.24,58.26199999999996,5.58
68,jalalabad,20,AF,1571785634,77,34.43,70.46,61.069999999999965,1.81
69,lompoc,1,US,1571785431,36,34.64,-120.46,97.06999999999996,6.2
70,nhulunbuy,75,AU,1571785634,65,-12.18,136.78,82.66999999999996,6.7
71,chanthaburi,32,TH,1571785634,69,12.61,102.11,84.27200000000005,1.99
72,santiago del estero,100,AR,1571785634,28,-27.8,-64.26,73.75999999999999,5.38
73,chokurdakh,100,RU,1571785486,92,70.62,147.9,7.951999999999973,2.95
74,bredasdorp,52,ZA,1571785465,76,-34.53,20.04,55.274000000000015,2.6
75,nanortalik,100,GL,1571785473,97,60.14,-45.24,33.76400000000003,4.43
76,burdur,0,TR,1571785635,71,37.72,30.29,53.86999999999996,3.6
77,cabo san lucas,5,MX,1571785443,69,22.89,-109.91,86.26999999999995,5.7
78,east london,100,ZA,1571785603,72,-33.02,27.91,61.43000000000004,8.49
79,swan hill,0,AU,1571785635,21,-35.34,143.56,81.05000000000001,2.53
80,bud,100,NO,1571785479,75,62.91,6.91,44.86999999999996,1.5
81,khatanga,94,RU,1571785460,71,71.98,102.47,14.666000000000007,6.68
82,tres picos,99,MX,1571785638,98,16.23,-93.58,70.75399999999996,0.74
83,guarapari,90,BR,1571785638,83,-20.67,-40.5,75.46999999999997,4.1
84,bluff,0,AU,1571785423,39,-23.58,149.07,76.45999999999998,6.76
85,hithadhoo,98,MV,1571785190,78,-0.6,73.08,81.21199999999996,4.6
86,inirida,72,CO,1571785639,81,3.87,-67.92,76.96400000000003,0.8
87,savannah bight,50,HN,1571785639,76,16.45,-85.85,84.93800000000005,11.46
88,saint-francois,90,FR,1571785639,93,46.42,3.91,57.469999999999956,3.1
89,kodiak,1,US,1571785433,35,39.95,-94.76,57.272000000000034,8.2
90,rio gallegos,40,AR,1571785482,82,-51.62,-69.22,57.469999999999956,7.7
91,tasiilaq,0,GL,1571785509,68,65.61,-37.64,26.86999999999996,3.6
92,petropavlovsk-kamchatskiy,40,RU,1571785640,100,53.05,158.65,35.86999999999996,3.0
93,araure,40,VE,1571785640,61,9.59,-69.23,82.66999999999996,1.0
94,neuquen,0,AR,1571785640,22,-38.95,-68.06,70.06999999999996,3.1
95,sitka,0,US,1571785640,19,37.17,-99.65,67.26199999999996,4.47
96,zhezkazgan,49,KZ,1571785613,48,47.8,67.71,29.732000000000017,2.53
97,alofi,75,NU,1571785543,69,-19.06,-169.92,82.66999999999996,5.1
98,coihaique,0,CL,1571785640,41,-45.58,-72.07,57.469999999999956,3.1
99,mehamn,75,NO,1571785491,74,71.03,27.85,34.06999999999996,9.3
100,kavaratti,100,IN,1571785560,80,10.57,72.64,80.618,4.61
101,tiksi,0,RU,1571785426,90,71.64,128.87,1.2019999999999733,4.05
102,reconquista,62,AR,1571785641,74,-29.14,-59.64,62.25800000000001,3.35
103,jamestown,0,AU,1571785425,17,-33.21,138.6,81.734,5.9
104,hampton,1,US,1571785641,46,32.88,-81.13,79.06999999999996,3.17
105,el astillero,90,ES,1571785641,100,43.4,-3.82,58.26199999999996,1.5
106,geraldton,90,CA,1571785476,93,49.72,-86.95,44.86999999999996,2.1
107,cherskiy,89,RU,1571785453,84,68.75,161.3,5.935999999999968,4.69
108,newcastle,20,AU,1571785386,72,-32.93,151.78,76.26199999999996,4.1
109,cayenne,88,GF,1571785488,78,4.94,-52.33,80.86999999999996,1.5
110,djambala,79,CG,1571785642,98,-2.55,14.76,67.334,1.68
111,san cristobal,83,HN,1571785475,90,14.68,-86.92,69.33200000000002,1.89
112,hobart,68,AU,1571785447,60,-42.88,147.33,69.27799999999996,3.1
113,gallatin,1,US,1571785523,44,36.39,-86.45,64.27400000000002,2.6
114,faya,0,SA,1571785486,93,18.39,42.45,62.86999999999996,1.81
115,chuy,56,UY,1571785532,79,-33.69,-53.46,55.022000000000034,2.58
116,komsomolskiy,96,RU,1571785498,97,67.55,63.78,13.946000000000048,3.5
117,avera,1,US,1571785611,48,33.19,-82.53,79.06999999999996,1.5
118,ulaanbaatar,40,MN,1571785642,78,47.92,106.92,17.86999999999996,5.0
119,baghdad,14,IQ,1571785643,64,33.3,44.38,68.26999999999995,3.6
120,kruisfontein,100,ZA,1571785643,75,-34.0,24.73,50.684,2.16
121,puerto ayora,75,EC,1571785430,64,-0.74,-90.35,75.46999999999997,4.6
122,nanyamba,40,MZ,1571785643,94,-10.69,39.81,75.46999999999997,1.19
123,lata,0,IN,1571785606,26,30.78,78.62,25.808000000000003,1.61
124,yuzhno-sukhokumsk,56,RU,1571785643,76,44.66,45.65,51.475999999999985,1.95
125,bratsk,40,RU,1571785643,85,56.15,101.63,19.66999999999996,3.0
126,souillac,100,FR,1571785486,93,45.6,-0.6,55.66999999999996,4.6
127,berlevag,75,NO,1571785497,74,70.86,29.09,34.06999999999996,9.3
128,darab,67,IR,1571785644,42,28.75,54.55,70.25,1.26
129,kazanskaya,99,RU,1571785647,52,45.41,40.44,57.272000000000034,3.19
130,terney,0,RU,1571785647,46,45.05,136.61,53.366000000000014,2.35
131,methoni,0,GR,1571785648,48,36.82,21.7,62.86999999999996,1.5
132,uyar,100,RU,1571785648,74,55.81,94.33,23.017999999999983,1.81
133,coquimbo,75,CL,1571785425,82,-29.95,-71.34,57.469999999999956,5.1
134,clyde river,40,CA,1571785614,73,70.47,-68.59,32.26999999999996,4.1
135,beringovskiy,82,RU,1571785477,92,63.05,179.32,26.708000000000006,11.24
136,kuminskiy,32,RU,1571785649,90,58.67,66.57,29.461999999999954,2.93
137,novoagansk,100,RU,1571785649,98,61.94,76.66,34.825999999999986,5.67
138,karratha,19,AU,1571785475,46,-20.74,116.85,84.90199999999999,6.07
139,iqaluit,75,CA,1571785489,86,63.75,-68.52,30.46999999999996,1.0
140,lubumbashi,100,CD,1571785649,73,-11.66,27.48,68.41400000000004,2.83
141,inta,96,RU,1571785649,92,66.04,60.13,21.253999999999948,6.25
142,saint-joseph,80,FR,1571785479,50,43.56,6.97,75.46999999999997,4.1
143,kroya,99,ID,1571785605,48,-6.5,108.06,81.12200000000004,1.77
144,northam,40,AU,1571785510,93,-31.65,116.67,57.469999999999956,4.1
145,narsaq,99,GL,1571785472,74,60.91,-46.05,35.86999999999996,1.5
146,lima,0,PE,1571785504,72,-12.06,-77.04,66.46999999999997,5.1
147,dinajpur,26,BD,1571785650,70,25.63,88.63,68.576,0.28
148,aripuana,37,BR,1571785650,72,-9.17,-60.63,78.27799999999996,0.47
149,tuatapere,39,NZ,1571785466,66,-46.13,167.69,49.26199999999996,6.71
150,mariinsk,99,RU,1571785650,68,56.21,87.75,25.51999999999996,5.1
151,xining,33,CN,1571785493,74,36.62,101.77,39.07400000000001,1.3
152,paso de carrasco,33,UY,1571785650,48,-34.86,-56.05,64.27400000000002,3.1
153,los llanos de aridane,20,ES,1571785487,60,28.66,-17.92,68.26999999999995,3.1
154,la paz,5,MX,1571785651,48,24.15,-110.32,84.46999999999997,2.1
155,umm kaddadah,99,SD,1571785479,55,13.6,26.69,80.86999999999996,1.79
156,buique,52,BR,1571785651,73,-8.62,-37.16,71.042,2.56
157,yermakovskoye,100,RU,1571785651,82,53.28,92.4,20.966000000000008,0.93
158,fortuna,20,US,1571785497,77,40.6,-124.16,71.27599999999998,8.2
159,evensk,0,RU,1571785651,48,61.92,159.24,16.411999999999956,4.1
160,portland,90,US,1571785523,81,43.66,-70.25,54.266000000000005,6.7
161,tingo maria,40,PE,1571785652,50,-9.29,-76.01,79.06999999999996,11.8
162,penarth,38,GB,1571785652,87,51.44,-3.17,49.26199999999996,1.5
163,circleville,1,US,1571785652,44,39.6,-82.95,59.26999999999996,3.6
164,qaanaaq,100,GL,1571785434,47,77.48,-69.36,11.875999999999987,4.89
165,cheremukhovo,100,RU,1571785652,86,56.23,46.23,43.57400000000001,4.23
166,micheweni,0,TZ,1571785652,84,-4.97,39.83,80.79800000000003,3.98
167,nouakchott,15,MR,1571785555,78,18.08,-15.98,75.46999999999997,7.2
168,isiro,95,CD,1571785655,99,2.77,27.62,68.07200000000003,0.26
169,flin flon,20,CA,1571785543,56,54.77,-101.88,41.26999999999996,3.6
170,dongsheng,100,CN,1571785656,84,29.72,112.52,60.998000000000026,4.01
171,tahe,7,CN,1571785656,82,52.34,124.71,29.408000000000005,0.57
172,sur,0,OM,1571785543,38,22.57,59.53,77.14399999999998,1.3
173,grindavik,40,IS,1571785481,66,63.84,-22.43,32.26999999999996,10.8
174,acapulco,75,MX,1571785656,74,16.86,-99.88,84.46999999999997,3.1
175,mlonggo,20,ID,1571785656,78,-6.53,110.7,85.26199999999996,1.0
176,bethel,1,US,1571785492,72,60.79,-161.76,43.06999999999996,3.6
177,bartica,20,GY,1571785657,83,6.41,-58.62,80.86999999999996,2.1
178,kalabo,74,ZM,1571785657,26,-15.0,22.67,81.23000000000005,5.15
179,inhuma,62,BR,1571785657,75,-6.67,-41.71,76.83800000000005,1.84
180,burnie,2,AU,1571785657,65,-41.05,145.91,67.26199999999996,6.49
181,basco,1,US,1571785657,43,40.33,-91.2,54.266000000000005,8.2
182,lashio,53,MM,1571785658,99,22.93,97.75,65.174,0.37
183,lavrentiya,75,RU,1571785553,78,65.58,-170.99,34.03399999999999,7.79
184,la asuncion,17,AR,1571785658,53,-26.05,-65.39,57.97400000000002,1.13
185,naze,75,NG,1571785606,94,5.43,7.07,77.26999999999995,1.6
186,vila franca do campo,75,PT,1571785498,68,37.72,-25.43,68.26999999999995,2.1
187,brae,100,GB,1571785558,93,60.4,-1.35,52.069999999999965,10.8
188,karasjok,100,NO,1571785658,86,69.47,25.52,34.06999999999996,7.2
189,saldanha,100,PT,1571785499,71,41.42,-6.55,50.161999999999956,4.35
190,avarua,68,CK,1571785452,78,-21.21,-159.78,79.06999999999996,2.6
191,tarko-sale,100,RU,1571785658,91,64.92,77.78,30.272000000000038,9.53
192,nueva concepcion,40,GT,1571785659,74,14.2,-91.3,84.46999999999997,2.19
193,hobyo,33,SO,1571785448,81,5.35,48.53,79.30399999999995,3.61
194,castro,1,CL,1571785459,62,-42.48,-73.76,53.86999999999996,3.1
195,sao joao da barra,100,BR,1571785458,90,-21.64,-41.05,72.31999999999996,5.71
196,ostrovnoy,100,RU,1571785593,98,68.05,39.51,32.432000000000016,1.29
197,touros,20,BR,1571785499,78,-5.2,-35.46,77.26999999999995,4.1
198,belyy yar,100,RU,1571785659,85,53.6,91.39,19.66999999999996,2.0
199,burns lake,20,CA,1571785659,61,54.23,-125.76,42.403999999999954,3.64
200,bambous virieux,40,MU,1571785482,94,-20.34,57.76,72.26600000000002,2.1
201,erzin,40,TR,1571785659,100,36.95,36.2,66.27200000000005,0.5
202,tokur,99,RU,1571785660,76,53.13,132.9,29.408000000000005,1.1
203,sao desiderio,67,BR,1571785660,95,-12.36,-44.97,71.05999999999997,1.59
204,port-gentil,40,GA,1571785660,83,-0.72,8.78,80.86999999999996,3.1
205,rizhao,100,CN,1571785660,63,35.43,119.46,64.16600000000001,1.36
206,port macquarie,5,AU,1571785660,72,-31.43,152.91,81.26600000000002,2.6
207,biloela,0,AU,1571785660,36,-24.4,150.51,76.36999999999996,5.43
208,makakilo city,20,US,1571785199,61,21.35,-158.09,89.27599999999998,5.7
209,cidreira,28,BR,1571785480,74,-30.17,-50.22,64.63399999999999,3.32
210,taber,90,CA,1571785567,30,49.79,-112.14,56.26400000000004,6.2
211,eregli,25,TR,1571785661,74,37.51,34.05,52.17799999999997,0.52
212,saint-philippe,90,CA,1571785424,58,45.36,-73.48,58.26199999999996,7.2
213,amahai,51,ID,1571785613,80,-3.31,129.0,80.47400000000002,5.61
214,naron,20,ES,1571785661,100,43.52,-8.15,59.26999999999996,0.5
215,ocean city,1,US,1571785661,35,30.44,-86.61,73.66999999999996,3.1
216,prachuap khiri khan,6,TH,1571785661,73,11.81,99.79,80.94200000000001,1.66
217,te anau,12,NZ,1571785432,70,-45.41,167.72,41.86400000000003,2.24
218,ixtapa,75,MX,1571785553,74,20.71,-105.21,84.46999999999997,2.6
219,marigot,57,HT,1571785662,71,18.23,-72.32,84.308,2.3
220,kavieng,100,PG,1571785573,71,-2.57,150.8,84.88399999999999,5.83
221,georgetown,75,GY,1571785315,74,6.8,-58.16,84.46999999999997,2.1
222,auki,30,NG,1571785665,52,12.18,6.51,79.23200000000003,1.96
223,vizinga,99,RU,1571785665,87,61.08,50.08,33.65600000000003,4.76
224,gadsden,1,US,1571785665,34,34.01,-86.01,68.26999999999995,3.1
225,port shepstone,100,ZA,1571785665,87,-30.74,30.45,57.95600000000003,6.68
226,doka,3,SD,1571785666,76,13.52,35.76,74.20999999999998,3.15
227,hirara,20,JP,1571785430,83,24.8,125.28,73.66999999999996,1.5
228,kyaiklat,40,MM,1571785666,94,16.44,95.73,79.06999999999996,1.87
229,lower hutt,68,NZ,1571785666,81,-41.21,174.91,53.27599999999999,17.5
230,ribeira grande,66,PT,1571785476,88,38.52,-28.7,65.46199999999996,4.03
231,laguna,75,BZ,1571785531,79,16.17,-88.94,84.46999999999997,2.23
232,klaksvik,100,FO,1571785599,81,62.23,-6.59,44.86999999999996,7.2
233,necochea,89,AR,1571785666,95,-38.55,-58.74,48.272000000000034,1.79
234,pacific grove,1,US,1571785488,38,36.62,-121.92,89.27599999999998,2.1
235,sylvan lake,75,CA,1571785667,82,52.31,-114.09,50.26999999999996,7.2
236,flagstaff,1,US,1571785501,15,35.2,-111.65,76.26199999999996,4.1
237,syamzha,100,RU,1571785667,93,60.02,41.06,46.903999999999954,5.07
238,robertson,13,AU,1571785667,63,-34.59,150.59,73.27400000000002,4.6
239,port elizabeth,90,US,1571785452,93,39.31,-74.98,66.27200000000005,3.6
240,lebu,0,ET,1571785527,79,8.96,38.73,48.056000000000026,0.75
241,huarmey,12,PE,1571785667,76,-10.07,-78.15,62.47400000000002,1.14
242,tevaitoa,1,PF,1571785668,71,-16.78,-151.5,80.36600000000001,2.58
243,mogocha,29,RU,1571785668,85,53.73,119.76,25.574000000000012,0.79
244,parati,83,BR,1571785668,49,-20.51,-54.63,73.66999999999996,2.1
245,murgab,40,TM,1571785454,62,37.5,61.97,52.069999999999965,1.0
246,mumford,96,GH,1571785499,95,5.26,-0.76,74.37200000000004,1.39
247,savinka,91,RU,1571785668,88,50.08,47.1,52.50199999999998,1.55
248,chiredzi,66,ZW,1571785669,78,-21.05,31.67,74.20999999999998,2.61
249,srednekolymsk,74,RU,1571785669,83,67.46,153.71,8.132000000000016,1.33
250,hasaki,20,JP,1571785492,77,35.73,140.83,64.27400000000002,3.1
251,verkhoyansk,99,RU,1571785672,85,67.55,133.39,3.9919999999999938,0.39
252,mairipora,100,BR,1571785672,88,-23.32,-46.59,75.46999999999997,1.5
253,dingle,29,PH,1571785460,86,11.0,122.67,80.56400000000004,2.2
254,fangshan,9,CN,1571785672,87,39.75,116.14,64.27400000000002,2.0
255,pisco,40,PE,1571785501,30,-13.71,-76.2,71.86999999999996,2.6
256,manbij,93,SY,1571785673,58,36.53,37.96,55.66999999999996,2.1
257,sorland,38,NO,1571785673,83,67.67,12.69,43.898000000000025,12.13
258,dunedin,78,NZ,1571785478,70,-45.87,170.5,47.26400000000003,9.83
259,setermoen,99,NO,1571785673,99,68.86,18.35,34.26799999999999,4.6
260,santa isabel do rio negro,42,BR,1571785673,78,-0.41,-65.02,78.51199999999996,0.83
261,vao,100,EE,1571785447,84,59.1,26.19,49.477999999999966,5.42
262,itaueira,66,BR,1571785674,86,-7.6,-43.03,74.56999999999996,2.59
263,roros,89,NO,1571785674,92,62.57,11.38,30.46999999999996,1.5
264,eureka,20,US,1571785674,77,40.8,-124.16,71.27599999999998,8.2
265,mayo,75,CA,1571785543,80,63.59,-135.9,34.06999999999996,1.5
266,bani,0,YE,1571785674,57,16.02,42.93,84.93800000000005,2.56
267,sumenep,99,ID,1571785674,71,-7.02,113.87,82.99399999999997,3.72
268,morondava,7,MG,1571785675,61,-20.3,44.28,74.24600000000005,1.49
269,ilulissat,40,GL,1571785430,52,69.22,-51.1,17.86999999999996,1.5
270,hamilton,75,CA,1571785458,62,43.26,-79.87,59.26999999999996,7.7
271,santa rosa,0,AR,1571785449,25,-36.62,-64.29,55.184,3.6
272,ust-maya,85,RU,1571785675,92,60.42,134.54,18.553999999999952,0.98
273,pensilvania,74,CO,1571785675,97,5.38,-75.16,66.52400000000002,1.43
274,koutiala,33,ML,1571785675,66,12.39,-5.46,80.31199999999995,3.0
275,prince rupert,90,CA,1571785606,87,54.32,-130.32,48.469999999999956,3.1
276,barguzin,100,RU,1571785675,94,53.62,109.63,19.58000000000004,0.69
277,gardez,0,AF,1571785676,51,33.6,69.22,40.80199999999998,1.03
278,koygorodok,92,RU,1571785676,87,60.44,51.01,31.49600000000005,4.49
279,mar del plata,0,AR,1571785503,55,-46.43,-67.52,49.71199999999996,3.12
280,mahebourg,40,MU,1571785447,94,-20.41,57.7,72.26600000000002,2.1
281,esperance,0,AU,1571785486,100,-33.86,121.89,50.26999999999996,2.6
282,kaitangata,89,NZ,1571785468,52,-46.28,169.85,50.26999999999996,6.26
283,breyten,21,ZA,1571785676,86,-26.3,29.99,52.627999999999965,4.09
284,coahuayana,99,MX,1571785529,84,18.62,-100.35,77.66600000000001,0.68
285,turayf,75,SA,1571785677,93,31.68,38.65,61.069999999999965,6.2
286,tabou,50,CI,1571785677,96,4.42,-7.36,74.75,1.16
287,viedma,90,AR,1571785534,86,-40.81,-62.99,49.658,6.02
288,comodoro rivadavia,0,AR,1571785555,27,-45.87,-67.48,62.86999999999996,4.6
289,talnakh,75,RU,1571785425,78,69.49,88.39,17.86999999999996,16.0
290,henties bay,0,NA,1571785610,90,-22.12,14.28,59.26999999999996,1.1
291,grand gaube,40,MU,1571785678,94,-20.01,57.66,72.26600000000002,2.1
292,saint-augustin,90,CA,1571785467,66,45.63,-73.98,57.469999999999956,3.1
293,lagos,20,NG,1571785559,94,6.46,3.39,79.06999999999996,1.0
294,camden,90,US,1571785678,93,39.94,-75.12,64.27400000000002,4.6
295,severo-kurilsk,96,RU,1571785486,55,50.68,156.12,45.37400000000001,2.72
296,tezu,80,IN,1571785678,70,27.93,96.16,66.21799999999999,0.77
297,vila velha,12,BR,1571785438,74,-3.71,-38.6,80.86999999999996,3.6
298,sawakin,0,SD,1571785678,69,19.1,37.33,86.48599999999996,3.2
299,antofagasta,20,CL,1571785611,67,-23.65,-70.4,61.069999999999965,5.1
300,cordoba,43,AR,1571785679,37,-27.78,-67.24,69.566,5.77
301,margate,68,AU,1571785559,60,-43.03,147.26,69.27799999999996,3.1
302,norman wells,90,CA,1571785443,92,65.28,-126.83,25.069999999999958,0.46
303,floro,100,NO,1571785679,93,61.6,5.03,44.86999999999996,6.2
304,sharjah,40,AE,1571785679,79,25.36,55.39,84.46999999999997,3.6
305,arman,0,RU,1571785679,61,59.7,150.17,31.027999999999963,4.77
306,mount isa,0,AU,1571785680,32,-20.73,139.49,82.66999999999996,8.7
307,provideniya,75,RU,1571785438,74,64.42,-173.23,34.06999999999996,7.0
308,garmsar,100,IR,1571785680,54,35.22,52.34,63.23000000000005,1.91
309,taiyuan,4,CN,1571785680,87,37.86,112.56,44.86999999999996,2.0
310,vila,49,IT,1571785680,100,45.18,8.4,63.266000000000005,2.1
311,kralendijk,43,BQ,1571785681,76,12.15,-68.27,82.79600000000005,5.64
312,anaco,21,VE,1571785681,94,9.43,-64.46,73.38200000000002,1.43
313,haines junction,36,CA,1571785681,96,60.75,-137.51,24.061999999999955,3.67
314,victor harbor,0,AU,1571785681,60,-35.55,138.62,90.26600000000002,1.0
315,biak,76,ID,1571785681,74,-0.91,122.88,80.56400000000004,6.36
316,kahului,20,US,1571785514,45,20.89,-156.47,88.06999999999996,6.7
317,russell,1,US,1571785682,20,38.9,-98.86,65.26400000000004,8.7
318,jutai,29,BR,1571785682,90,-1.71,-47.89,75.86600000000001,1.82
319,olinda,0,AU,1571785682,37,-37.84,145.39,68.26999999999995,0.5
320,ust-karsk,99,RU,1571785682,91,52.71,118.82,25.303999999999952,0.88
321,rockland,90,CA,1571785459,100,45.55,-75.29,55.274000000000015,2.1
322,yasnogorsk,84,RU,1571785683,95,54.48,37.69,54.01400000000004,5.32
323,harper,1,US,1571785683,19,30.3,-99.24,80.86999999999996,2.6
324,aklavik,90,CA,1571785613,100,68.22,-135.01,21.469999999999956,1.0
325,sinnamary,20,GF,1571785490,81,5.38,-52.96,81.98599999999996,6.42
326,port blair,20,IN,1571785459,94,11.67,92.75,77.26999999999995,3.11
327,bandarbeyla,33,SO,1571785524,77,9.49,50.81,80.13200000000002,7.2
328,glubokiy,68,RU,1571785683,68,48.52,40.33,53.67200000000004,1.69
329,watsa,99,CD,1571785684,99,3.04,29.53,64.49000000000002,0.69
330,quatre cocos,40,MU,1571785684,94,-20.21,57.76,72.26600000000002,2.1
331,upernavik,99,GL,1571785480,52,72.79,-56.15,20.533999999999992,2.88
332,santana,40,BR,1571785684,74,-0.06,-51.18,86.26999999999995,5.1
333,storm lake,75,US,1571785684,46,42.64,-95.21,52.069999999999965,5.7
334,gillette,75,US,1571785684,53,44.29,-105.5,52.26799999999999,5.1
335,coruripe,38,BR,1571785685,82,-10.12,-36.18,76.94600000000005,8.12
336,syracuse,90,US,1571785295,100,43.05,-76.15,57.272000000000034,2.6
337,namatanai,63,PG,1571785431,69,-3.66,152.44,84.326,3.97
338,san jose,75,HN,1571785685,78,14.25,-87.96,73.66999999999996,2.1
339,west bay,75,CA,1571785519,76,49.34,-123.21,58.26199999999996,9.8
340,ancud,10,CL,1571785521,62,-41.87,-73.83,53.86999999999996,3.1
341,vardo,20,US,1571785468,100,39.62,-77.74,59.26999999999996,1.5
342,eyl,31,SO,1571785685,78,7.98,49.82,80.11400000000003,6.29
343,saint-leu,49,RE,1571785686,88,-21.15,55.28,73.66999999999996,4.1
344,krymsk,20,RU,1571785686,81,44.93,37.99,52.069999999999965,2.0
345,hambantota,100,LK,1571785481,83,6.12,81.12,80.67200000000004,6.76
346,batemans bay,0,AU,1571785555,55,-35.71,150.18,68.26999999999995,0.45
347,fukue,20,JP,1571785686,72,35.03,136.69,66.46999999999997,3.6
348,malanje,64,AO,1571785686,93,-9.54,16.35,65.37200000000004,2.06
349,kargopol,100,RU,1571785686,83,61.51,38.95,47.26400000000003,5.75
350,jalu,0,LY,1571785686,66,29.03,21.55,66.68599999999998,3.58
351,ponta do sol,61,BR,1571785443,80,-20.63,-46.0,68.97200000000004,2.09
352,brigantine,90,US,1571785687,100,39.41,-74.36,65.26400000000004,4.6
353,verkhnyaya inta,99,RU,1571785687,90,65.99,60.32,21.758000000000003,5.52
354,netrakona,0,BD,1571785687,84,24.88,90.72,68.48599999999996,1.77
355,klyuchi,96,RU,1571785687,63,52.25,79.17,29.048000000000023,5.11
356,nome,1,US,1571785426,31,30.04,-94.42,77.26999999999995,2.6
357,anshun,98,CN,1571785688,92,26.25,105.93,55.814000000000036,2.7
358,saint george,0,GR,1571785482,87,39.45,22.34,55.66999999999996,0.41
359,zhigansk,97,RU,1571785558,92,66.77,123.37,8.92400000000001,2.74
360,vostok,0,RU,1571785688,45,46.45,135.83,46.58000000000004,1.06
361,chippewa falls,90,US,1571785503,80,44.94,-91.39,43.06999999999996,6.7
362,kiama,0,AU,1571785691,63,-34.67,150.86,73.27400000000002,4.6
363,saint anthony,1,US,1571785610,50,43.97,-111.68,55.66999999999996,9.3
364,dobrin,0,BG,1571785692,99,43.87,27.84,56.26400000000004,0.45
365,aqtobe,99,KZ,1571785692,60,50.28,57.21,43.06999999999996,2.0
366,luganville,75,VU,1571785692,74,-15.51,167.18,82.66999999999996,3.6
367,bocana de paiwas,44,NI,1571785692,86,12.79,-85.12,76.45999999999998,0.36
368,traverse city,90,US,1571785692,87,44.76,-85.62,50.26999999999996,8.2
369,nioro,54,GM,1571785692,27,13.79,-15.05,83.15600000000003,4.65
370,macau,38,BR,1571785693,81,-5.11,-36.64,78.83599999999997,8.18
371,rimouski,90,CA,1571785693,87,48.45,-68.52,46.274000000000015,4.1
372,kirkwall,40,GB,1571785693,87,58.98,-2.96,52.069999999999965,7.7
373,conde,0,BR,1571785693,82,-11.81,-37.61,78.49399999999997,9.42
374,lorvao,27,PT,1571785693,93,40.26,-8.32,60.27799999999996,1.5
375,katherine,9,AU,1571785693,54,-14.47,132.26,82.66999999999996,1.5
376,bukama,100,CD,1571785694,96,-9.2,25.85,71.13200000000002,0.59
377,otjiwarongo,9,NA,1571785694,16,-20.46,16.65,70.06999999999996,1.5
378,nemuro,100,JP,1571785434,79,43.32,145.57,56.04800000000003,1.45
379,batagay,83,RU,1571785694,84,67.65,134.64,4.388000000000044,0.45
380,denpasar,20,ID,1571785480,94,-8.65,115.22,79.06999999999996,0.5
381,kota belud,75,MY,1571785694,88,6.35,116.43,79.06999999999996,1.5
382,madaoua,0,NE,1571785684,16,14.07,5.96,89.11400000000003,3.87
383,padang,79,ID,1571785497,89,-0.92,100.36,67.74800000000002,1.57
384,arlit,0,NE,1571785591,17,18.74,7.39,88.71799999999999,3.83
385,chipinge,6,ZW,1571785694,90,-20.19,32.62,65.03000000000004,2.01
386,mbandaka,83,CD,1571785695,96,0.05,18.26,71.38399999999999,0.83
387,charters towers,25,AU,1571785695,46,-20.07,146.27,79.23200000000003,6.34
388,goulburn,0,AU,1571785695,52,-34.75,149.72,69.27799999999996,4.3
389,nizhniye vyazovyye,75,RU,1571785695,82,55.8,48.52,35.86999999999996,2.0
390,sambava,44,MG,1571785695,95,-14.27,50.17,71.58200000000002,0.88
391,mercedes,67,UY,1571785695,76,-33.25,-58.03,58.26199999999996,0.89
392,tigil,72,RU,1571785606,82,57.8,158.67,26.851999999999975,4.37
393,lumphat,30,KH,1571785696,88,13.5,106.97,73.61600000000001,1.48
394,matara,93,BI,1571785489,86,-3.48,29.48,58.766000000000005,0.46
395,conceicao do araguaia,100,BR,1571785696,84,-8.26,-49.26,75.99199999999999,2.19
396,cururupu,67,BR,1571785696,93,-1.82,-44.87,72.40999999999998,1.28
397,taltal,0,CL,1571785457,94,-25.41,-70.49,51.530000000000044,1.65
398,mokolo,79,CM,1571785696,94,10.74,13.8,75.46999999999997,2.1
399,beyneu,56,KZ,1571785460,72,45.32,55.19,48.30800000000001,2.97
400,fayaoue,94,NC,1571785696,79,-20.65,166.53,74.01199999999996,7.44
401,silver city,1,US,1571785697,13,32.77,-108.28,71.86999999999996,4.6
402,sibolga,98,ID,1571785697,98,1.74,98.78,72.12200000000004,0.42
403,mogadishu,67,SO,1571785635,83,2.04,45.34,81.35600000000002,6.94
404,carutapera,55,BR,1571785697,80,-1.2,-46.02,80.67200000000004,7.65
405,mastic beach,90,US,1571785698,87,40.77,-72.85,59.26999999999996,8.2
406,almaznyy,88,RU,1571785698,76,48.03,40.04,50.26999999999996,2.25
407,launceston,90,AU,1571785698,81,-41.43,147.14,58.26199999999996,4.1
408,pacifica,20,US,1571785698,36,37.61,-122.49,89.27599999999998,4.1
409,bend,1,US,1571785445,29,44.06,-121.32,68.26999999999995,4.6
410,port hedland,21,AU,1571785701,25,-20.31,118.58,88.06999999999996,5.7
411,voh,64,NC,1571785702,76,-20.95,164.69,73.47200000000004,10.32
412,bam,0,IR,1571785702,28,29.11,58.36,64.976,2.56
413,west plains,1,US,1571785571,31,36.73,-91.85,61.26799999999999,3.45
414,waipawa,93,NZ,1571785702,85,-39.94,176.59,49.26199999999996,4.02
415,olavarria,18,AR,1571785703,59,-36.89,-60.32,55.274000000000015,0.89
416,husavik,100,CA,1571785427,91,50.56,-96.99,35.27599999999999,3.58
417,meulaboh,100,ID,1571785531,80,4.14,96.13,80.63599999999997,1.6
418,norrtalje,99,SE,1571785703,81,59.76,18.7,52.26799999999999,4.1
419,deputatskiy,100,RU,1571785472,89,69.3,139.9,13.946000000000048,1.12
420,salyan,99,AZ,1571785703,76,39.59,48.98,58.658,0.54
421,port lincoln,0,AU,1571785568,24,-34.72,135.86,81.33800000000005,4.92
422,aquiraz,13,BR,1571785454,74,-3.9,-38.39,80.86999999999996,3.6
423,yulara,0,AU,1571785472,8,-25.24,130.99,73.66999999999996,3.1
424,luba,57,PH,1571785704,78,17.32,120.7,78.81799999999998,1.56
425,north bend,75,US,1571785704,77,43.41,-124.22,64.27400000000002,4.6
426,trinidad,75,BO,1571785704,62,-14.83,-64.9,84.46999999999997,1.17
427,irbeyskoye,100,RU,1571785704,61,55.64,95.45,25.15999999999998,1.43
428,alyangula,0,AU,1571785471,78,-13.85,136.42,80.86999999999996,2.6
429,manacapuru,75,BR,1571785705,78,-3.3,-60.62,77.26999999999995,2.1
430,bartlesville,1,US,1571785574,23,36.75,-95.98,70.06999999999996,3.1
431,pangnirtung,75,CA,1571785431,86,66.15,-65.72,26.86999999999996,1.0
432,enshi,12,CN,1571785705,92,30.29,109.48,49.53200000000002,0.43
433,pangody,100,RU,1571785705,97,65.85,74.49,29.03000000000004,2.58
434,marzuq,0,YE,1571785705,52,14.4,46.47,66.61400000000003,1.11
435,guerrero negro,0,MX,1571785432,23,27.97,-114.04,81.05000000000001,6.46
436,north platte,40,US,1571785688,23,41.12,-100.77,62.86999999999996,8.7
437,kieta,49,PG,1571785705,76,-6.22,155.63,83.26400000000004,6.33
438,gamba,88,CN,1571785706,61,28.28,88.52,27.517999999999983,0.63
439,kaili,38,ID,1571785480,38,-3.46,120.21,69.458,1.03
440,kurtamysh,93,RU,1571785706,93,54.91,64.43,36.211999999999954,3.48
441,ngunguru,21,NZ,1571785706,75,-35.62,174.5,54.266000000000005,5.81
442,drabiv,54,UA,1571785706,76,49.96,32.14,53.79800000000003,1.91
443,nantucket,90,US,1571785604,93,41.28,-70.1,58.26199999999996,6.7
444,taiobeiras,69,BR,1571785706,85,-15.81,-42.23,68.84600000000006,1.28
445,barra,86,GM,1571785706,78,13.49,-16.54,80.86999999999996,3.6
446,salalah,28,OM,1571785522,57,17.01,54.1,79.06999999999996,1.5
447,tura,93,RU,1571785477,97,64.27,100.22,7.483999999999991,0.8
448,axim,80,GH,1571785707,94,4.87,-2.24,75.29000000000002,1.27
449,ahipara,50,NZ,1571785592,83,-35.17,173.16,60.27799999999996,16.48
450,palembang,100,ID,1571785707,78,-2.99,104.76,77.792,1.42
451,inhambane,100,MZ,1571785710,88,-23.87,35.38,73.50800000000001,7.26
452,shakiso,39,ET,1571785710,95,5.77,38.9,55.20199999999998,0.9
453,lypova dolyna,22,UA,1571785481,81,50.56,33.8,51.78200000000002,2.08
454,ulladulla,0,AU,1571785447,63,-35.36,150.48,69.27799999999996,4.6
455,tuy hoa,90,VN,1571785711,84,13.08,109.3,78.458,3.54
456,mayahi,0,NE,1571785711,16,13.95,7.67,88.17799999999997,4.25
457,soni,0,TZ,1571785711,92,-4.85,38.37,66.95600000000003,0.46
458,las lomas,80,PE,1571785711,59,-4.66,-80.24,71.94200000000001,3.19
459,paranga,34,KE,1571785711,89,-3.29,38.4,70.17799999999997,2.43
460,samarai,75,PG,1571785712,91,-10.62,150.67,77.52200000000005,4.56
461,puerto escondido,90,MX,1571785712,74,15.86,-97.07,82.66999999999996,4.1
462,sechura,54,PE,1571785712,87,-5.56,-80.82,64.04000000000002,5.5
463,santa rosalia,0,MX,1571785712,10,31.87,-112.87,87.27799999999996,7.36
464,san policarpo,48,PH,1571785712,72,12.18,125.51,83.13800000000005,0.68
465,halifax,90,CA,1571785657,87,44.65,-63.58,50.26999999999996,2.1
466,humaita,3,AR,1571785478,31,-24.93,-65.37,75.46999999999997,3.1
467,iranshahr,0,IR,1571785713,23,27.21,60.69,71.24000000000002,2.36
468,kirakira,99,SB,1571785713,80,-10.46,161.92,79.358,4.24
469,boende,50,CD,1571785520,94,-0.28,20.88,71.38399999999999,0.92
470,rio verde de mato grosso,97,BR,1571785713,52,-18.92,-54.84,76.87400000000002,1.44
471,hit,7,IQ,1571785713,41,33.64,42.83,71.67200000000004,3.11
472,yulin,4,CN,1571785713,88,38.3,109.75,49.33399999999999,2.43
473,slave lake,90,CA,1571785515,93,55.28,-114.77,35.86999999999996,2.1
474,afrikanda,100,RU,1571785714,86,67.44,32.78,31.261999999999954,1.22
475,honiara,75,SB,1571785714,66,-9.43,159.96,86.26999999999995,3.1
476,kurumkan,28,RU,1571785714,77,54.33,110.32,9.46400000000003,1.3
477,san quintin,57,PH,1571785466,78,17.54,120.52,78.81799999999998,1.56
478,sao gabriel da cachoeira,69,BR,1571785714,87,-0.13,-67.09,76.94600000000005,0.49
479,port augusta,0,AU,1571785715,37,-32.49,137.76,83.26400000000004,3.29
480,usinsk,50,RU,1571785715,95,66.0,57.56,19.54399999999997,6.54
481,thompson,75,CA,1571785207,51,55.74,-97.86,35.86999999999996,4.6
482,kathmandu,75,NP,1571785715,93,27.71,85.32,57.469999999999956,1.0
483,miles city,75,US,1571785571,57,46.41,-105.84,57.272000000000034,4.1
484,atar,3,MR,1571785330,27,20.52,-13.05,76.424,5.34
485,salto,100,BR,1571785715,57,-23.2,-47.29,75.46999999999997,4.1
486,lesnoy,96,RU,1571785715,92,59.78,52.13,28.66999999999996,4.12
487,mincivan,93,AZ,1571785716,73,39.03,46.72,49.891999999999996,0.43
488,tual,30,ID,1571785551,76,-5.67,132.75,80.15,4.13
489,sao jose dos campos,40,BR,1571785716,77,-23.18,-45.89,70.06999999999996,4.6
490,banjar,82,ID,1571785467,71,-7.37,108.54,77.41400000000004,0.69
491,athabasca,100,CA,1571785716,99,54.72,-113.29,34.91600000000001,0.6
492,mount gambier,0,AU,1571785513,63,-37.83,140.78,61.069999999999965,2.1
493,puerto el triunfo,40,SV,1571785717,83,13.27,-88.55,79.06999999999996,2.6
494,leninogorsk,95,RU,1571785717,88,54.6,52.45,37.975999999999985,1.39
495,leh,96,IN,1571785717,42,34.16,77.58,26.293999999999972,1.78
496,dudinka,75,RU,1571785537,78,69.41,86.18,17.86999999999996,16.0
497,lorengau,98,PG,1571785438,71,-2.02,147.27,84.81199999999995,3.88
498,shinpokh,40,PK,1571785717,68,34.33,71.18,66.46999999999997,2.1
499,college,75,US,1571785511,74,64.86,-147.8,34.06999999999996,2.1
500,bilibino,73,RU,1571785553,94,68.06,166.44,-1.1920000000000002,0.45
501,hanyang,64,CN,1571785718,85,32.14,105.51,58.78399999999999,0.17
502,angoche,37,MZ,1571785718,86,-16.23,39.91,75.03800000000004,2.2
503,muros,41,ES,1571785477,93,42.77,-9.06,57.272000000000034,4.6
504,santa maria del oro,46,MX,1571785718,44,25.95,-105.37,68.558,4.1
505,cairns,90,AU,1571785325,83,-16.92,145.77,73.66999999999996,3.6
506,salamanca,75,MX,1571785718,52,20.57,-101.19,70.06999999999996,5.7
507,lindas,75,NO,1571785721,93,60.74,5.16,52.26799999999999,9.8
508,havelock,1,US,1571785487,94,34.88,-76.9,77.26999999999995,7.2
509,harrison,40,US,1571785722,47,39.26,-84.82,59.26999999999996,3.6
510,binanwanaan,18,PH,1571785722,76,13.7,123.3,80.834,1.69
511,hervey bay,46,AU,1571785722,56,-25.3,152.85,73.66999999999996,4.6
512,labuhan,64,ID,1571785519,61,-2.54,115.51,80.33000000000004,0.5
513,santiago de cao,75,PE,1571785722,77,-7.96,-79.24,64.66999999999996,4.6
514,bonavista,100,CA,1571785511,84,48.65,-53.11,43.26799999999999,2.24
515,hua hin,27,TH,1571785723,79,12.57,99.96,80.02400000000002,1.37
516,oktyabrskoye,99,RU,1571785518,73,56.73,85.44,29.26400000000003,7.0
517,kabare,21,RW,1571785723,90,-1.65,29.38,51.403999999999954,0.47
518,taicheng,0,CN,1571785723,79,22.25,112.8,74.26400000000004,0.45
519,lufilufi,43,WS,1571785491,78,-13.87,-171.6,77.26999999999995,6.22
520,comarapa,18,BO,1571785723,87,-17.91,-64.53,58.71199999999996,1.69
521,kingaroy,90,AU,1571785723,68,-26.54,151.84,76.26199999999996,3.1
522,codrington,3,AU,1571785591,64,-28.95,153.24,70.26799999999999,2.1
523,araouane,42,ML,1571785522,30,18.9,-3.53,89.79800000000003,3.69
524,alghero,89,IT,1571785724,41,40.56,8.32,75.46999999999997,5.7
525,tala,90,MX,1571785724,88,20.65,-103.7,73.27400000000002,2.6
526,vilyuysk,95,RU,1571785724,85,63.75,121.63,20.588000000000044,2.91
527,cap malheureux,40,MU,1571785574,94,-19.98,57.61,72.26600000000002,2.1
528,cockburn town,33,TC,1571785536,78,21.46,-71.14,83.11999999999996,6.25
529,dillon,1,US,1571785689,34,45.22,-112.64,53.27599999999999,14.9
530,iberia,93,PE,1571785433,85,-11.41,-69.49,75.16400000000004,1.05
531,caravelas,99,BR,1571785530,94,-17.73,-39.27,74.30000000000001,1.12
532,masuguru,69,MZ,1571785724,78,-11.38,38.46,76.334,3.53
533,suez,85,EG,1571785725,60,29.97,32.54,71.94200000000001,2.75
534,pedasi,97,PA,1571785725,82,7.53,-80.03,80.54600000000005,2.13
535,fez,75,MA,1571785725,76,34.03,-5.02,52.069999999999965,5.7
536,paka,83,CF,1571785725,97,4.15,15.03,69.69200000000001,0.76
537,mortka,34,RU,1571785725,84,59.33,66.02,28.435999999999968,3.69
538,pinehurst,1,US,1571785725,69,35.19,-79.47,77.26999999999995,3.6
539,yamada,20,JP,1571785725,87,36.58,137.08,64.27400000000002,1.0
540,iquique,40,CL,1571785504,67,-20.22,-70.14,62.86999999999996,4.1
541,ukwa,100,NG,1571785726,98,5.47,8.01,74.58800000000005,0.25
542,abalak,0,NE,1571785726,16,15.46,6.28,87.89000000000001,4.25
543,tkibuli,75,GE,1571785726,100,42.35,43.0,57.469999999999956,2.1
544,newburgh,90,US,1571785675,100,41.5,-74.01,59.26999999999996,3.1
545,poum,0,MK,1571785726,51,41.28,20.71,52.66400000000003,1.65
546,tiarei,20,PF,1571785726,62,-17.53,-149.33,86.26999999999995,2.1
547,bastrop,1,US,1571785727,42,32.78,-91.91,68.26999999999995,1.19
548,bagdarin,100,RU,1571785727,83,54.44,113.59,8.54600000000005,2.03
549,kenai,75,US,1571785727,81,60.55,-151.26,44.27599999999999,6.2
550,kiunga,100,PG,1571785727,98,-6.12,141.3,75.2,0.33
551,damara,32,CF,1571785727,100,4.96,18.7,73.66999999999996,0.88
552,gizo,92,IL,1571785547,56,31.8,34.94,74.26400000000004,3.1
